FEDUID,DGUID,FEDNAME,FEDENAME,FEDFNAME,LANDAREA,PRUID
"10001",2013A000410001,Avalon,Avalon,Avalon,"6357.2457","10"
"10002",2013A000410002,Bonavista--Burin--Trinity,Bonavista--Burin--Trinity,Bonavista--Burin--Trinity,"16529.4593","10"
"10003",2013A000410003,Coast of Bays--Central--Notre Dame,Coast of Bays--Central--Notre Dame,Coast of Bays--Central--Notre Dame,"38674.0098","10"
"10004",2013A000410004,Labrador,Labrador,Labrador,"258539.4032","10"
"10005",2013A000410005,Long Range Mountains,Long Range Mountains,Long Range Mountains,"37319.1682","10"
"10006",2013A000410006,St. John's East / St. John's-Est,St. John's East,St. John's-Est,"328.3804","10"
"10007",2013A000410007,St. John's South--Mount Pearl / St. John's-Sud--Mount Pearl,St. John's South--Mount Pearl,St. John's-Sud--Mount Pearl,"422.7065","10"
"11001",2013A000411001,Cardigan,Cardigan,Cardigan,"2547.6394","11"
"11002",2013A000411002,Charlottetown,Charlottetown,Charlottetown,"44.2714","11"
"11003",2013A000411003,Egmont,Egmont,Egmont,"1482.8642","11"
"11004",2013A000411004,Malpeque,Malpeque,Malpeque,"1606.4040","11"
"12001",2013A000412001,Cape Breton--Canso,Cape Breton--Canso,Cape Breton--Canso,"8733.0748","12"
"12002",2013A000412002,Central Nova / Nova-Centre,Central Nova,Nova-Centre,"9280.9526","12"
"12003",2013A000412003,Cumberland--Colchester,Cumberland--Colchester,Cumberland--Colchester,"7903.2709","12"
"12004",2013A000412004,Dartmouth--Cole Harbour,Dartmouth--Cole Harbour,Dartmouth--Cole Harbour,"89.9908","12"
"12005",2013A000412005,Halifax,Halifax,Halifax,"214.5755","12"
"12006",2013A000412006,Halifax West / Halifax-Ouest,Halifax West,Halifax-Ouest,"227.3079","12"
"12007",2013A000412007,Kings--Hants,Kings--Hants,Kings--Hants,"4117.4598","12"
"12008",2013A000412008,Sackville--Preston--Chezzetcook,Sackville--Preston--Chezzetcook,Sackville--Preston--Chezzetcook,"645.1755","12"
"12009",2013A000412009,South Shore--St. Margarets,South Shore--St. Margarets,South Shore--St. Margarets,"8461.6303","12"
"12010",2013A000412010,Sydney--Victoria,Sydney--Victoria,Sydney--Victoria,"4282.0898","12"
"12011",2013A000412011,West Nova / Nova-Ouest,West Nova,Nova-Ouest,"8869.1804","12"
"13001",2013A000413001,Acadie--Bathurst,Acadie--Bathurst,Acadie--Bathurst,"5052.8107","13"
"13002",2013A000413002,Beauséjour,Beauséjour,Beauséjour,"3991.6049","13"
"13003",2013A000413003,Fredericton,Fredericton,Fredericton,"1499.2551","13"
"13004",2013A000413004,Fundy Royal,Fundy Royal,Fundy Royal,"7225.6470","13"
"13005",2013A000413005,Madawaska--Restigouche,Madawaska--Restigouche,Madawaska--Restigouche,"11681.7316","13"
"13006",2013A000413006,Miramichi--Grand Lake,Miramichi--Grand Lake,Miramichi--Grand Lake,"16837.2377","13"
"13007",2013A000413007,Moncton--Riverview--Dieppe,Moncton--Riverview--Dieppe,Moncton--Riverview--Dieppe,"154.6821","13"
"13008",2013A000413008,New Brunswick Southwest / Nouveau-Brunswick-Sud-Ouest,New Brunswick Southwest,Nouveau-Brunswick-Sud-Ouest,"9885.7009","13"
"13009",2013A000413009,Saint John--Rothesay,Saint John--Rothesay,Saint John--Rothesay,"390.3696","13"
"13010",2013A000413010,Tobique--Mactaquac,Tobique--Mactaquac,Tobique--Mactaquac,"14529.4585","13"
"24001",2013A000424001,Abitibi--Baie-James--Nunavik--Eeyou,Abitibi--Baie-James--Nunavik--Eeyou,Abitibi--Baie-James--Nunavik--Eeyou,"731401.3590","24"
"24002",2013A000424002,Abitibi--Témiscamingue,Abitibi--Témiscamingue,Abitibi--Témiscamingue,"33230.9045","24"
"24003",2013A000424003,Ahuntsic-Cartierville,Ahuntsic-Cartierville,Ahuntsic-Cartierville,"21.6765","24"
"24004",2013A000424004,Alfred-Pellan,Alfred-Pellan,Alfred-Pellan,"113.4089","24"
"24005",2013A000424005,Argenteuil--La Petite-Nation,Argenteuil--La Petite-Nation,Argenteuil--La Petite-Nation,"4890.2555","24"
"24006",2013A000424006,Avignon--La Mitis--Matane--Matapédia,Avignon--La Mitis--Matane--Matapédia,Avignon--La Mitis--Matane--Matapédia,"14433.2006","24"
"24007",2013A000424007,Beauce,Beauce,Beauce,"4100.9703","24"
"24008",2013A000424008,Beauport--Limoilou,Beauport--Limoilou,Beauport--Limoilou,"33.3480","24"
"24009",2013A000424009,Bécancour--Nicolet--Saurel,Bécancour--Nicolet--Saurel,Bécancour--Nicolet--Saurel,"2743.2389","24"
"24010",2013A000424010,Bellechasse--Les Etchemins--Lévis,Bellechasse--Les Etchemins--Lévis,Bellechasse--Les Etchemins--Lévis,"3201.1059","24"
"24011",2013A000424011,Beloeil--Chambly,Beloeil--Chambly,Beloeil--Chambly,"377.6818","24"
"24012",2013A000424012,Berthier--Maskinongé,Berthier--Maskinongé,Berthier--Maskinongé,"4114.6820","24"
"24013",2013A000424013,Thérèse-De Blainville,Thérèse-De Blainville,Thérèse-De Blainville,"74.7159","24"
"24014",2013A000424014,Pierre-Boucher--Les Patriotes--Verchères,Pierre-Boucher--Les Patriotes--Verchères,Pierre-Boucher--Les Patriotes--Verchères,"685.1608","24"
"24015",2013A000424015,Bourassa,Bourassa,Bourassa,"13.5386","24"
"24016",2013A000424016,Brome--Missisquoi,Brome--Missisquoi,Brome--Missisquoi,"2779.1245","24"
"24017",2013A000424017,Brossard--Saint-Lambert,Brossard--Saint-Lambert,Brossard--Saint-Lambert,"52.7538","24"
"24018",2013A000424018,Rimouski-Neigette--Témiscouata--Les Basques,Rimouski-Neigette--Témiscouata--Les Basques,Rimouski-Neigette--Témiscouata--Les Basques,"7724.4423","24"
"24019",2013A000424019,Charlesbourg--Haute-Saint-Charles,Charlesbourg--Haute-Saint-Charles,Charlesbourg--Haute-Saint-Charles,"111.2947","24"
"24020",2013A000424020,Beauport--Côte-de-Beaupré--Île dOrléans--Charlevoix,Beauport--Côte-de-Beaupré--Île dOrléans--Charlevoix,Beauport--Côte-de-Beaupré--Île dOrléans--Charlevoix,"11115.8125","24"
"24021",2013A000424021,Châteauguay--Lacolle,Châteauguay--Lacolle,Châteauguay--Lacolle,"903.4854","24"
"24022",2013A000424022,Chicoutimi--Le Fjord,Chicoutimi--Le Fjord,Chicoutimi--Le Fjord,"2534.5358","24"
"24023",2013A000424023,Compton--Stanstead,Compton--Stanstead,Compton--Stanstead,"4554.8251","24"
"24024",2013A000424024,Dorval--Lachine--LaSalle,Dorval--Lachine--LaSalle,Dorval--Lachine--LaSalle,"49.7040","24"
"24025",2013A000424025,Drummond,Drummond,Drummond,"1599.0957","24"
"24026",2013A000424026,Gaspésie--Les Îles-de-la-Madeleine,Gaspésie--Les Îles-de-la-Madeleine,Gaspésie--Les Îles-de-la-Madeleine,"16783.8641","24"
"24027",2013A000424027,Gatineau,Gatineau,Gatineau,"118.7914","24"
"24028",2013A000424028,Hochelaga,Hochelaga,Hochelaga,"19.5716","24"
"24029",2013A000424029,Honoré-Mercier,Honoré-Mercier,Honoré-Mercier,"37.7117","24"
"24030",2013A000424030,Hull--Aylmer,Hull--Aylmer,Hull--Aylmer,"62.4490","24"
"24031",2013A000424031,Joliette,Joliette,Joliette,"8124.0386","24"
"24032",2013A000424032,Jonquière,Jonquière,Jonquière,"37641.5893","24"
"24033",2013A000424033,La Pointe-de-l'Île,La Pointe-de-l'Île,La Pointe-de-l'Île,"41.4438","24"
"24034",2013A000424034,La Prairie,La Prairie,La Prairie,"277.5238","24"
"24035",2013A000424035,Lac-Saint-Jean,Lac-Saint-Jean,Lac-Saint-Jean,"55366.5702","24"
"24036",2013A000424036,Lac-Saint-Louis,Lac-Saint-Louis,Lac-Saint-Louis,"78.2145","24"
"24037",2013A000424037,LaSalle--Émard--Verdun,LaSalle--Émard--Verdun,LaSalle--Émard--Verdun,"18.8860","24"
"24038",2013A000424038,Laurentides--Labelle,Laurentides--Labelle,Laurentides--Labelle,"17587.8293","24"
"24039",2013A000424039,Laurier--Sainte-Marie,Laurier--Sainte-Marie,Laurier--Sainte-Marie,"10.3607","24"
"24040",2013A000424040,Laval--Les Îles,Laval--Les Îles,Laval--Les Îles,"46.0932","24"
"24041",2013A000424041,Longueuil--Charles-LeMoyne,Longueuil--Charles-LeMoyne,Longueuil--Charles-LeMoyne,"37.4439","24"
"24042",2013A000424042,Lévis--Lotbinière,Lévis--Lotbinière,Lévis--Lotbinière,"2065.4229","24"
"24043",2013A000424043,Longueuil--Saint-Hubert,Longueuil--Saint-Hubert,Longueuil--Saint-Hubert,"55.2263","24"
"24044",2013A000424044,Louis-Hébert,Louis-Hébert,Louis-Hébert,"94.4007","24"
"24045",2013A000424045,Louis-Saint-Laurent,Louis-Saint-Laurent,Louis-Saint-Laurent,"138.0061","24"
"24046",2013A000424046,Manicouagan,Manicouagan,Manicouagan,"234442.2732","24"
"24047",2013A000424047,Mégantic--L'Érable,Mégantic--L'Érable,Mégantic--L'Érable,"5930.4043","24"
"24048",2013A000424048,Mirabel,Mirabel,Mirabel,"836.5283","24"
"24049",2013A000424049,Montarville,Montarville,Montarville,"150.2797","24"
"24050",2013A000424050,Montcalm,Montcalm,Montcalm,"873.0364","24"
"24051",2013A000424051,Montmagny--L'Islet--Kamouraska--Rivière-du-Loup,Montmagny--L'Islet--Kamouraska--Rivière-du-Loup,Montmagny--L'Islet--Kamouraska--Rivière-du-Loup,"7310.1002","24"
"24052",2013A000424052,Mont-Royal / Mount Royal,Mount Royal,Mont-Royal,"22.6265","24"
"24053",2013A000424053,Notre-Dame-de-Grâce--Westmount,Notre-Dame-de-Grâce--Westmount,Notre-Dame-de-Grâce--Westmount,"16.0421","24"
"24054",2013A000424054,Outremont,Outremont,Outremont,"11.9411","24"
"24055",2013A000424055,Papineau,Papineau,Papineau,"9.8964","24"
"24056",2013A000424056,Pierrefonds--Dollard,Pierrefonds--Dollard,Pierrefonds--Dollard,"50.7403","24"
"24057",2013A000424057,Pontiac,Pontiac,Pontiac,"26974.0711","24"
"24058",2013A000424058,Portneuf--Jacques-Cartier,Portneuf--Jacques-Cartier,Portneuf--Jacques-Cartier,"7157.4304","24"
"24059",2013A000424059,Québec,Québec,Québec,"34.4908","24"
"24060",2013A000424060,Repentigny,Repentigny,Repentigny,"198.5940","24"
"24061",2013A000424061,Richmond--Arthabaska,Richmond--Arthabaska,Richmond--Arthabaska,"3427.4545","24"
"24062",2013A000424062,Rivière-des-Mille-Îles,Rivière-des-Mille-Îles,Rivière-des-Mille-Îles,"114.9494","24"
"24063",2013A000424063,Rivière-du-Nord,Rivière-du-Nord,Rivière-du-Nord,"355.3464","24"
"24064",2013A000424064,Rosemont--La Petite-Patrie,Rosemont--La Petite-Patrie,Rosemont--La Petite-Patrie,"10.7059","24"
"24065",2013A000424065,Marc-Aurèle-Fortin,Marc-Aurèle-Fortin,Marc-Aurèle-Fortin,"52.5544","24"
"24066",2013A000424066,Saint-Hyacinthe--Bagot,Saint-Hyacinthe--Bagot,Saint-Hyacinthe--Bagot,"1881.5989","24"
"24067",2013A000424067,Saint-Jean,Saint-Jean,Saint-Jean,"686.2661","24"
"24068",2013A000424068,Saint-Laurent,Saint-Laurent,Saint-Laurent,"42.8344","24"
"24069",2013A000424069,Saint-Léonard--Saint-Michel,Saint-Léonard--Saint-Michel,Saint-Léonard--Saint-Michel,"20.2056","24"
"24070",2013A000424070,Saint-Maurice--Champlain,Saint-Maurice--Champlain,Saint-Maurice--Champlain,"34186.9912","24"
"24071",2013A000424071,Salaberry--Suroît,Salaberry--Suroît,Salaberry--Suroît,"2140.0871","24"
"24072",2013A000424072,Shefford,Shefford,Shefford,"1369.2754","24"
"24073",2013A000424073,Sherbrooke,Sherbrooke,Sherbrooke,"99.3084","24"
"24074",2013A000424074,Vaudreuil--Soulanges,Vaudreuil--Soulanges,Vaudreuil--Soulanges,"392.6172","24"
"24075",2013A000424075,Terrebonne,Terrebonne,Terrebonne,"153.7581","24"
"24076",2013A000424076,Trois-Rivières,Trois-Rivières,Trois-Rivières,"125.3112","24"
"24077",2013A000424077,Ville-Marie--Le Sud-Ouest--Île-des-Soeurs,Ville-Marie--Le Sud-Ouest--Île-des-Soeurs,Ville-Marie--Le Sud-Ouest--Île-des-Soeurs,"22.1922","24"
"24078",2013A000424078,Vimy,Vimy,Vimy,"34.0784","24"
"35001",2013A000435001,Ajax,Ajax,Ajax,"66.6437","35"
"35002",2013A000435002,Algoma--Manitoulin--Kapuskasing,Algoma--Manitoulin--Kapuskasing,Algoma--Manitoulin--Kapuskasing,"92666.5122","35"
"35003",2013A000435003,Aurora--Oak Ridges--Richmond Hill,Aurora--Oak Ridges--Richmond Hill,Aurora--Oak Ridges--Richmond Hill,"94.4714","35"
"35004",2013A000435004,Barrie--Innisfil,Barrie--Innisfil,Barrie--Innisfil,"330.7407","35"
"35005",2013A000435005,Barrie--Springwater--Oro-Medonte,Barrie--Springwater--Oro-Medonte,Barrie--Springwater--Oro-Medonte,"964.3623","35"
"35006",2013A000435006,Bay of Quinte / Baie de Quinte,Bay of Quinte,Baie de Quinte,"1624.9769","35"
"35007",2013A000435007,Beaches--East York,Beaches--East York,Beaches--East York,"16.7441","35"
"35008",2013A000435008,Brampton Centre / Brampton-Centre,Brampton Centre,Brampton-Centre,"43.6225","35"
"35009",2013A000435009,Brampton East / Brampton-Est,Brampton East,Brampton-Est,"84.4835","35"
"35010",2013A000435010,Brampton North / Brampton-Nord,Brampton North,Brampton-Nord,"33.2060","35"
"35011",2013A000435011,Brampton South / Brampton-Sud,Brampton South,Brampton-Sud,"46.6290","35"
"35012",2013A000435012,Brampton West / Brampton-Ouest,Brampton West,Brampton-Ouest,"57.9464","35"
"35013",2013A000435013,Brantford--Brant,Brantford--Brant,Brantford--Brant,"829.1829","35"
"35014",2013A000435014,Bruce--Grey--Owen Sound,Bruce--Grey--Owen Sound,Bruce--Grey--Owen Sound,"6089.2711","35"
"35015",2013A000435015,Burlington,Burlington,Burlington,"75.9636","35"
"35016",2013A000435016,Cambridge,Cambridge,Cambridge,"347.9334","35"
"35017",2013A000435017,Chatham-Kent--Leamington,Chatham-Kent--Leamington,Chatham-Kent--Leamington,"2039.6797","35"
"35018",2013A000435018,Davenport,Davenport,Davenport,"12.0818","35"
"35019",2013A000435019,Don Valley East / Don Valley-Est,Don Valley East,Don Valley-Est,"22.7815","35"
"35020",2013A000435020,Don Valley North / Don Valley-Nord,Don Valley North,Don Valley-Nord,"24.3408","35"
"35021",2013A000435021,Don Valley West / Don Valley-Ouest,Don Valley West,Don Valley-Ouest,"30.1123","35"
"35022",2013A000435022,Dufferin--Caledon,Dufferin--Caledon,Dufferin--Caledon,"2175.5888","35"
"35023",2013A000435023,Durham,Durham,Durham,"868.8746","35"
"35024",2013A000435024,Eglinton--Lawrence,Eglinton--Lawrence,Eglinton--Lawrence,"22.6488","35"
"35025",2013A000435025,Elgin--Middlesex--London,Elgin--Middlesex--London,Elgin--Middlesex--London,"2482.0241","35"
"35026",2013A000435026,Essex,Essex,Essex,"1096.6878","35"
"35027",2013A000435027,Etobicoke Centre / Etobicoke-Centre,Etobicoke Centre,Etobicoke-Centre,"37.0461","35"
"35028",2013A000435028,Etobicoke--Lakeshore,Etobicoke--Lakeshore,Etobicoke--Lakeshore,"39.6462","35"
"35029",2013A000435029,Etobicoke North / Etobicoke-Nord,Etobicoke North,Etobicoke-Nord,"47.7717","35"
"35030",2013A000435030,Flamborough--Glanbrook,Flamborough--Glanbrook,Flamborough--Glanbrook,"886.6476","35"
"35031",2013A000435031,Glengarry--Prescott--Russell,Glengarry--Prescott--Russell,Glengarry--Prescott--Russell,"2909.2560","35"
"35032",2013A000435032,Guelph,Guelph,Guelph,"87.4266","35"
"35033",2013A000435033,Haldimand--Norfolk,Haldimand--Norfolk,Haldimand--Norfolk,"2848.1357","35"
"35034",2013A000435034,Haliburton--Kawartha Lakes--Brock,Haliburton--Kawartha Lakes--Brock,Haliburton--Kawartha Lakes--Brock,"7772.1536","35"
"35035",2013A000435035,Hamilton Centre / Hamilton-Centre,Hamilton Centre,Hamilton-Centre,"30.2352","35"
"35036",2013A000435036,Hamilton East--Stoney Creek / Hamilton-Est--Stoney Creek,Hamilton East--Stoney Creek,Hamilton-Est--Stoney Creek,"67.2729","35"
"35037",2013A000435037,Hamilton Mountain,Hamilton Mountain,Hamilton Mountain,"33.1366","35"
"35038",2013A000435038,Hamilton West--Ancaster--Dundas / Hamilton-Ouest--Ancaster--Dundas,Hamilton West--Ancaster--Dundas,Hamilton-Ouest--Ancaster--Dundas,"101.0178","35"
"35039",2013A000435039,Hastings--Lennox and Addington,Hastings--Lennox and Addington,Hastings--Lennox and Addington,"8233.9880","35"
"35040",2013A000435040,Huron--Bruce,Huron--Bruce,Huron--Bruce,"5598.5041","35"
"35041",2013A000435041,Kanata--Carleton,Kanata--Carleton,Kanata--Carleton,"760.7350","35"
"35042",2013A000435042,Kenora,Kenora,Kenora,"285752.2726","35"
"35043",2013A000435043,King--Vaughan,King--Vaughan,King--Vaughan,"424.5223","35"
"35044",2013A000435044,Kingston and the Islands / Kingston et les Îles,Kingston and the Islands,Kingston et les Îles,"358.4273","35"
"35045",2013A000435045,Kitchener Centre / Kitchener-Centre,Kitchener Centre,Kitchener-Centre,"41.4573","35"
"35046",2013A000435046,Kitchener--Conestoga,Kitchener--Conestoga,Kitchener--Conestoga,"896.1750","35"
"35047",2013A000435047,Kitchener South--Hespeler / Kitchener-Sud--Hespeler,Kitchener South--Hespeler,Kitchener-Sud--Hespeler,"104.2384","35"
"35048",2013A000435048,Lambton--Kent--Middlesex,Lambton--Kent--Middlesex,Lambton--Kent--Middlesex,"4919.0987","35"
"35049",2013A000435049,Lanark--Frontenac--Kingston,Lanark--Frontenac--Kingston,Lanark--Frontenac--Kingston,"6353.8678","35"
"35050",2013A000435050,Leeds--Grenville--Thousand Islands and Rideau Lakes / Leeds--Grenville--Thousand Islands et Rideau Lakes,Leeds--Grenville--Thousand Islands and Rideau Lakes,Leeds--Grenville--Thousand Islands et Rideau Lakes,"3355.6075","35"
"35051",2013A000435051,London--Fanshawe,London--Fanshawe,London--Fanshawe,"114.8518","35"
"35052",2013A000435052,London North Centre / London-Centre-Nord,London North Centre,London-Centre-Nord,"58.8603","35"
"35053",2013A000435053,London West / London-Ouest,London West,London-Ouest,"77.3220","35"
"35054",2013A000435054,Markham--Stouffville,Markham--Stouffville,Markham--Stouffville,"282.1365","35"
"35055",2013A000435055,Markham--Thornhill,Markham--Thornhill,Markham--Thornhill,"41.7426","35"
"35056",2013A000435056,Markham--Unionville,Markham--Unionville,Markham--Unionville,"83.7750","35"
"35057",2013A000435057,Milton,Milton,Milton,"447.3593","35"
"35058",2013A000435058,Mississauga Centre / Mississauga-Centre,Mississauga Centre,Mississauga-Centre,"23.1069","35"
"35059",2013A000435059,Mississauga East--Cooksville / Mississauga-Est--Cooksville,Mississauga East--Cooksville,Mississauga-Est--Cooksville,"32.0235","35"
"35060",2013A000435060,Mississauga--Erin Mills,Mississauga--Erin Mills,Mississauga--Erin Mills,"33.8534","35"
"35061",2013A000435061,Mississauga--Lakeshore,Mississauga--Lakeshore,Mississauga--Lakeshore,"60.1188","35"
"35062",2013A000435062,Mississauga--Malton,Mississauga--Malton,Mississauga--Malton,"97.1126","35"
"35063",2013A000435063,Mississauga--Streetsville,Mississauga--Streetsville,Mississauga--Streetsville,"46.5291","35"
"35064",2013A000435064,Nepean,Nepean,Nepean,"171.5423","35"
"35065",2013A000435065,Newmarket--Aurora,Newmarket--Aurora,Newmarket--Aurora,"59.4705","35"
"35066",2013A000435066,Niagara Centre / Niagara-Centre,Niagara Centre,Niagara-Centre,"301.7299","35"
"35067",2013A000435067,Niagara Falls,Niagara Falls,Niagara Falls,"507.8445","35"
"35068",2013A000435068,Niagara West / Niagara-Ouest,Niagara West,Niagara-Ouest,"988.1047","35"
"35069",2013A000435069,Nickel Belt,Nickel Belt,Nickel Belt,"26564.1770","35"
"35070",2013A000435070,Nipissing--Timiskaming,Nipissing--Timiskaming,Nipissing--Timiskaming,"13115.6658","35"
"35071",2013A000435071,Northumberland--Peterborough South / Northumberland--Peterborough-Sud,Northumberland--Peterborough South,Northumberland--Peterborough-Sud,"2728.4667","35"
"35072",2013A000435072,Oakville,Oakville,Oakville,"78.3470","35"
"35073",2013A000435073,Oakville North--Burlington / Oakville-Nord--Burlington,Oakville North--Burlington,Oakville-Nord--Burlington,"87.2261","35"
"35074",2013A000435074,Oshawa,Oshawa,Oshawa,"60.6659","35"
"35075",2013A000435075,Ottawa Centre / Ottawa-Centre,Ottawa Centre,Ottawa-Centre,"32.4336","35"
"35076",2013A000435076,Orléans,Orléans,Orléans,"205.8200","35"
"35077",2013A000435077,Ottawa South / Ottawa-Sud,Ottawa South,Ottawa-Sud,"73.0144","35"
"35078",2013A000435078,Ottawa--Vanier,Ottawa--Vanier,Ottawa--Vanier,"39.1910","35"
"35079",2013A000435079,Ottawa West--Nepean / Ottawa-Ouest--Nepean,Ottawa West--Nepean,Ottawa-Ouest--Nepean,"66.0017","35"
"35080",2013A000435080,Oxford,Oxford,Oxford,"2246.4176","35"
"35081",2013A000435081,Parkdale--High Park,Parkdale--High Park,Parkdale--High Park,"14.8315","35"
"35082",2013A000435082,Parry Sound--Muskoka,Parry Sound--Muskoka,Parry Sound--Muskoka,"12237.9925","35"
"35083",2013A000435083,Perth--Wellington,Perth--Wellington,Perth--Wellington,"3580.3463","35"
"35084",2013A000435084,Peterborough--Kawartha,Peterborough--Kawartha,Peterborough--Kawartha,"2955.9276","35"
"35085",2013A000435085,Pickering--Uxbridge,Pickering--Uxbridge,Pickering--Uxbridge,"651.6240","35"
"35086",2013A000435086,Renfrew--Nipissing--Pembroke,Renfrew--Nipissing--Pembroke,Renfrew--Nipissing--Pembroke,"11359.1981","35"
"35087",2013A000435087,Richmond Hill,Richmond Hill,Richmond Hill,"39.8272","35"
"35088",2013A000435088,Carleton,Carleton,Carleton,"1177.8703","35"
"35089",2013A000435089,St. Catharines,St. Catharines,St. Catharines,"55.1369","35"
"35090",2013A000435090,Toronto--St. Paul's,Toronto--St. Paul's,Toronto--St. Paul's,"13.1189","35"
"35091",2013A000435091,Sarnia--Lambton,Sarnia--Lambton,Sarnia--Lambton,"1475.8522","35"
"35092",2013A000435092,Sault Ste. Marie,Sault Ste. Marie,Sault Ste. Marie,"5540.4014","35"
"35093",2013A000435093,Scarborough--Agincourt,Scarborough--Agincourt,Scarborough--Agincourt,"21.3498","35"
"35094",2013A000435094,Scarborough Centre / Scarborough-Centre,Scarborough Centre,Scarborough-Centre,"28.1239","35"
"35095",2013A000435095,Scarborough--Guildwood,Scarborough--Guildwood,Scarborough--Guildwood,"25.9386","35"
"35096",2013A000435096,Scarborough North / Scarborough-Nord,Scarborough North,Scarborough-Nord,"30.3671","35"
"35097",2013A000435097,Scarborough--Rouge Park,Scarborough--Rouge Park,Scarborough--Rouge Park,"53.2323","35"
"35098",2013A000435098,Scarborough Southwest / Scarborough-Sud-Ouest,Scarborough Southwest,Scarborough-Sud-Ouest,"28.1249","35"
"35099",2013A000435099,Simcoe--Grey,Simcoe--Grey,Simcoe--Grey,"1856.9197","35"
"35100",2013A000435100,Simcoe North / Simcoe-Nord,Simcoe North,Simcoe-Nord,"1752.0926","35"
"35101",2013A000435101,Spadina--Fort York,Spadina--Fort York,Spadina--Fort York,"12.7595","35"
"35102",2013A000435102,Stormont--Dundas--South Glengarry,Stormont--Dundas--South Glengarry,Stormont--Dundas--South Glengarry,"2665.4526","35"
"35103",2013A000435103,Sudbury,Sudbury,Sudbury,"843.5798","35"
"35104",2013A000435104,Thornhill,Thornhill,Thornhill,"62.6640","35"
"35105",2013A000435105,Thunder Bay--Rainy River,Thunder Bay--Rainy River,Thunder Bay--Rainy River,"32536.4202","35"
"35106",2013A000435106,Thunder Bay--Superior North / Thunder Bay--Supérieur-Nord,Thunder Bay--Superior North,Thunder Bay--Supérieur-Nord,"76105.8931","35"
"35107",2013A000435107,Timmins--James Bay / Timmins--Baie James,Timmins--James Bay,Timmins--Baie James,"241782.6826","35"
"35108",2013A000435108,Toronto Centre / Toronto-Centre,Toronto Centre,Toronto-Centre,"5.8356","35"
"35109",2013A000435109,Toronto--Danforth,Toronto--Danforth,Toronto--Danforth,"20.3876","35"
"35110",2013A000435110,University--Rosedale,University--Rosedale,University--Rosedale,"13.5687","35"
"35111",2013A000435111,Vaughan--Woodbridge,Vaughan--Woodbridge,Vaughan--Woodbridge,"79.5944","35"
"35112",2013A000435112,Waterloo,Waterloo,Waterloo,"72.6696","35"
"35113",2013A000435113,Wellington--Halton Hills,Wellington--Halton Hills,Wellington--Halton Hills,"1492.5840","35"
"35114",2013A000435114,Whitby,Whitby,Whitby,"146.6948","35"
"35115",2013A000435115,Willowdale,Willowdale,Willowdale,"19.7545","35"
"35116",2013A000435116,Windsor--Tecumseh,Windsor--Tecumseh,Windsor--Tecumseh,"163.0152","35"
"35117",2013A000435117,Windsor West / Windsor-Ouest,Windsor West,Windsor-Ouest,"77.5962","35"
"35118",2013A000435118,York Centre / York-Centre,York Centre,York-Centre,"35.1195","35"
"35119",2013A000435119,York--Simcoe,York--Simcoe,York--Simcoe,"790.7421","35"
"35120",2013A000435120,York South--Weston / York-Sud--Weston,York South--Weston,York-Sud--Weston,"24.8011","35"
"35121",2013A000435121,Humber River--Black Creek,Humber River--Black Creek,Humber River--Black Creek,"30.6115","35"
"46001",2013A000446001,Brandon--Souris,Brandon--Souris,Brandon--Souris,"17968.6011","46"
"46002",2013A000446002,Charleswood--St. James--Assiniboia--Headingley,Charleswood--St. James--Assiniboia--Headingley,Charleswood--St. James--Assiniboia--Headingley,"204.8539","46"
"46003",2013A000446003,Churchill--Keewatinook Aski,Churchill--Keewatinook Aski,Churchill--Keewatinook Aski,"420975.0137","46"
"46004",2013A000446004,Dauphin--Swan River--Neepawa,Dauphin--Swan River--Neepawa,Dauphin--Swan River--Neepawa,"50867.2990","46"
"46005",2013A000446005,Elmwood--Transcona,Elmwood--Transcona,Elmwood--Transcona,"49.5268","46"
"46006",2013A000446006,Kildonan--St. Paul,Kildonan--St. Paul,Kildonan--St. Paul,"169.7135","46"
"46007",2013A000446007,Portage--Lisgar,Portage--Lisgar,Portage--Lisgar,"12559.1843","46"
"46008",2013A000446008,Provencher,Provencher,Provencher,"18030.6229","46"
"46009",2013A000446009,Saint Boniface--Saint Vital / Saint-Boniface--Saint-Vital,Saint Boniface--Saint Vital,Saint-Boniface--Saint-Vital,"62.8972","46"
"46010",2013A000446010,Selkirk--Interlake--Eastman,Selkirk--Interlake--Eastman,Selkirk--Interlake--Eastman,"19210.8757","46"
"46011",2013A000446011,Winnipeg Centre / Winnipeg-Centre,Winnipeg Centre,Winnipeg-Centre,"28.2951","46"
"46012",2013A000446012,Winnipeg North / Winnipeg-Nord,Winnipeg North,Winnipeg-Nord,"37.3966","46"
"46013",2013A000446013,Winnipeg South / Winnipeg-Sud,Winnipeg South,Winnipeg-Sud,"101.2654","46"
"46014",2013A000446014,Winnipeg South Centre / Winnipeg-Centre-Sud,Winnipeg South Centre,Winnipeg-Centre-Sud,"44.6435","46"
"47001",2013A000447001,Battlefords--Lloydminster,Battlefords--Lloydminster,Battlefords--Lloydminster,"29158.7238","47"
"47002",2013A000447002,Cypress Hills--Grasslands,Cypress Hills--Grasslands,Cypress Hills--Grasslands,"75611.4804","47"
"47003",2013A000447003,Desnethé--Missinippi--Churchill River / Desnethé--Missinippi--Rivière Churchill,Desnethé--Missinippi--Churchill River,Desnethé--Missinippi--Rivière Churchill,"296772.0872","47"
"47004",2013A000447004,Carlton Trail--Eagle Creek / Sentier Carlton--Eagle Creek,Carlton Trail--Eagle Creek,Sentier Carlton--Eagle Creek,"28076.9068","47"
"47005",2013A000447005,Moose Jaw--Lake Centre--Lanigan,Moose Jaw--Lake Centre--Lanigan,Moose Jaw--Lake Centre--Lanigan,"32079.2920","47"
"47006",2013A000447006,Prince Albert,Prince Albert,Prince Albert,"18765.5888","47"
"47007",2013A000447007,Regina--Lewvan,Regina--Lewvan,Regina--Lewvan,"58.0056","47"
"47008",2013A000447008,Regina--Qu'Appelle,Regina--Qu'Appelle,Regina--Qu'Appelle,"12723.6110","47"
"47009",2013A000447009,Regina--Wascana,Regina--Wascana,Regina--Wascana,"61.8950","47"
"47010",2013A000447010,Saskatoon--Grasswood,Saskatoon--Grasswood,Saskatoon--Grasswood,"335.2306","47"
"47011",2013A000447011,Saskatoon--University,Saskatoon--University,Saskatoon--University,"68.7037","47"
"47012",2013A000447012,Saskatoon West / Saskatoon-Ouest,Saskatoon West,Saskatoon-Ouest,"90.7321","47"
"47013",2013A000447013,Souris--Moose Mountain,Souris--Moose Mountain,Souris--Moose Mountain,"41456.5514","47"
"47014",2013A000447014,Yorkton--Melville,Yorkton--Melville,Yorkton--Melville,"41801.5960","47"
"48001",2013A000448001,Banff--Airdrie,Banff--Airdrie,Banff--Airdrie,"12304.4304","48"
"48002",2013A000448002,Battle River--Crowfoot,Battle River--Crowfoot,Battle River--Crowfoot,"51079.8419","48"
"48003",2013A000448003,Bow River,Bow River,Bow River,"23780.2697","48"
"48004",2013A000448004,Calgary Centre / Calgary-Centre,Calgary Centre,Calgary-Centre,"49.2392","48"
"48005",2013A000448005,Calgary Confederation,Calgary Confederation,Calgary Confederation,"54.2415","48"
"48006",2013A000448006,Calgary Forest Lawn,Calgary Forest Lawn,Calgary Forest Lawn,"52.7408","48"
"48007",2013A000448007,Calgary Heritage,Calgary Heritage,Calgary Heritage,"66.7552","48"
"48008",2013A000448008,Calgary Midnapore,Calgary Midnapore,Calgary Midnapore,"82.7741","48"
"48009",2013A000448009,Calgary Nose Hill,Calgary Nose Hill,Calgary Nose Hill,"57.9741","48"
"48010",2013A000448010,Calgary Rocky Ridge,Calgary Rocky Ridge,Calgary Rocky Ridge,"91.3448","48"
"48011",2013A000448011,Calgary Shepard,Calgary Shepard,Calgary Shepard,"178.2517","48"
"48012",2013A000448012,Calgary Signal Hill,Calgary Signal Hill,Calgary Signal Hill,"65.8291","48"
"48013",2013A000448013,Calgary Skyview,Calgary Skyview,Calgary Skyview,"121.4668","48"
"48014",2013A000448014,Edmonton Centre / Edmonton-Centre,Edmonton Centre,Edmonton-Centre,"45.4751","48"
"48015",2013A000448015,Edmonton Griesbach,Edmonton Griesbach,Edmonton Griesbach,"45.9472","48"
"48016",2013A000448016,Edmonton Manning,Edmonton Manning,Edmonton Manning,"157.0778","48"
"48017",2013A000448017,Edmonton Mill Woods,Edmonton Mill Woods,Edmonton Mill Woods,"51.2187","48"
"48018",2013A000448018,Edmonton Riverbend,Edmonton Riverbend,Edmonton Riverbend,"61.4514","48"
"48019",2013A000448019,Edmonton Strathcona,Edmonton Strathcona,Edmonton Strathcona,"81.6582","48"
"48020",2013A000448020,Edmonton West / Edmonton-Ouest,Edmonton West,Edmonton-Ouest,"104.5370","48"
"48021",2013A000448021,Edmonton--Wetaskiwin,Edmonton--Wetaskiwin,Edmonton--Wetaskiwin,"4832.5857","48"
"48022",2013A000448022,Foothills,Foothills,Foothills,"20751.6741","48"
"48023",2013A000448023,Fort McMurray--Cold Lake,Fort McMurray--Cold Lake,Fort McMurray--Cold Lake,"142870.3663","48"
"48024",2013A000448024,Grande Prairie--Mackenzie,Grande Prairie--Mackenzie,Grande Prairie--Mackenzie,"111864.5669","48"
"48025",2013A000448025,Lakeland,Lakeland,Lakeland,"31028.1523","48"
"48026",2013A000448026,Lethbridge,Lethbridge,Lethbridge,"2958.9556","48"
"48027",2013A000448027,Medicine Hat--Cardston--Warner,Medicine Hat--Cardston--Warner,Medicine Hat--Cardston--Warner,"29137.3774","48"
"48028",2013A000448028,Peace River--Westlock,Peace River--Westlock,Peace River--Westlock,"106395.2988","48"
"48029",2013A000448029,Red Deer--Mountain View,Red Deer--Mountain View,Red Deer--Mountain View,"7645.4978","48"
"48030",2013A000448030,Red Deer--Lacombe,Red Deer--Lacombe,Red Deer--Lacombe,"6199.5501","48"
"48031",2013A000448031,St. Albert--Edmonton,St. Albert--Edmonton,St. Albert--Edmonton,"104.4024","48"
"48032",2013A000448032,Sherwood Park--Fort Saskatchewan,Sherwood Park--Fort Saskatchewan,Sherwood Park--Fort Saskatchewan,"1226.9780","48"
"48033",2013A000448033,Sturgeon River--Parkland,Sturgeon River--Parkland,Sturgeon River--Parkland,"3976.8018","48"
"48034",2013A000448034,Yellowhead,Yellowhead,Yellowhead,"77133.5348","48"
"59001",2013A000459001,Abbotsford,Abbotsford,Abbotsford,"175.1942","59"
"59002",2013A000459002,Burnaby North--Seymour / Burnaby-Nord--Seymour,Burnaby North--Seymour,Burnaby-Nord--Seymour,"114.5649","59"
"59003",2013A000459003,Burnaby South / Burnaby-Sud,Burnaby South,Burnaby-Sud,"46.0603","59"
"59004",2013A000459004,Cariboo--Prince George,Cariboo--Prince George,Cariboo--Prince George,"82820.2238","59"
"59005",2013A000459005,Central Okanagan--Similkameen--Nicola,Central Okanagan--Similkameen--Nicola,Central Okanagan--Similkameen--Nicola,"15965.9376","59"
"59006",2013A000459006,Chilliwack--Hope,Chilliwack--Hope,Chilliwack--Hope,"3283.7491","59"
"59007",2013A000459007,Cloverdale--Langley City,Cloverdale--Langley City,Cloverdale--Langley City,"59.4236","59"
"59008",2013A000459008,Coquitlam--Port Coquitlam,Coquitlam--Port Coquitlam,Coquitlam--Port Coquitlam,"597.3016","59"
"59009",2013A000459009,Courtenay--Alberni,Courtenay--Alberni,Courtenay--Alberni,"7899.1497","59"
"59010",2013A000459010,Cowichan--Malahat--Langford,Cowichan--Malahat--Langford,Cowichan--Malahat--Langford,"4553.5632","59"
"59011",2013A000459011,Delta,Delta,Delta,"186.7678","59"
"59012",2013A000459012,Fleetwood--Port Kells,Fleetwood--Port Kells,Fleetwood--Port Kells,"69.5241","59"
"59013",2013A000459013,Kamloops--Thompson--Cariboo,Kamloops--Thompson--Cariboo,Kamloops--Thompson--Cariboo,"37623.2079","59"
"59014",2013A000459014,Kelowna--Lake Country,Kelowna--Lake Country,Kelowna--Lake Country,"1565.5349","59"
"59015",2013A000459015,Kootenay--Columbia,Kootenay--Columbia,Kootenay--Columbia,"63345.7887","59"
"59016",2013A000459016,Langley--Aldergrove,Langley--Aldergrove,Langley--Aldergrove,"373.1533","59"
"59017",2013A000459017,Mission--Matsqui--Fraser Canyon,Mission--Matsqui--Fraser Canyon,Mission--Matsqui--Fraser Canyon,"21330.0610","59"
"59018",2013A000459018,Nanaimo--Ladysmith,Nanaimo--Ladysmith,Nanaimo--Ladysmith,"1726.7844","59"
"59019",2013A000459019,New Westminster--Burnaby,New Westminster--Burnaby,New Westminster--Burnaby,"26.2908","59"
"59020",2013A000459020,North Okanagan--Shuswap,North Okanagan--Shuswap,North Okanagan--Shuswap,"16158.3638","59"
"59021",2013A000459021,North Vancouver,North Vancouver,North Vancouver,"335.0770","59"
"59022",2013A000459022,Pitt Meadows--Maple Ridge,Pitt Meadows--Maple Ridge,Pitt Meadows--Maple Ridge,"2042.7248","59"
"59023",2013A000459023,Port Moody--Coquitlam,Port Moody--Coquitlam,Port Moody--Coquitlam,"95.1621","59"
"59024",2013A000459024,Prince George--Peace River--Northern Rockies,Prince George--Peace River--Northern Rockies,Prince George--Peace River--Northern Rockies,"249105.2220","59"
"59025",2013A000459025,Richmond Centre / Richmond-Centre,Richmond Centre,Richmond-Centre,"42.9984","59"
"59026",2013A000459026,Esquimalt--Saanich--Sooke,Esquimalt--Saanich--Sooke,Esquimalt--Saanich--Sooke,"328.5134","59"
"59027",2013A000459027,Saanich--Gulf Islands,Saanich--Gulf Islands,Saanich--Gulf Islands,"498.8806","59"
"59028",2013A000459028,Skeena--Bulkley Valley,Skeena--Bulkley Valley,Skeena--Bulkley Valley,"325624.6679","59"
"59029",2013A000459029,South Okanagan--West Kootenay / Okanagan-Sud--Kootenay-Ouest,South Okanagan--West Kootenay,Okanagan-Sud--Kootenay-Ouest,"17688.9096","59"
"59030",2013A000459030,South Surrey--White Rock / Surrey-Sud--White Rock,South Surrey--White Rock,Surrey-Sud--White Rock,"144.2921","59"
"59031",2013A000459031,Steveston--Richmond East / Steveston--Richmond-Est,Steveston--Richmond East,Steveston--Richmond-Est,"85.8734","59"
"59032",2013A000459032,Surrey Centre / Surrey-Centre,Surrey Centre,Surrey-Centre,"40.3393","59"
"59033",2013A000459033,Surrey--Newton,Surrey--Newton,Surrey--Newton,"30.0321","59"
"59034",2013A000459034,Vancouver Centre / Vancouver-Centre,Vancouver Centre,Vancouver-Centre,"11.2046","59"
"59035",2013A000459035,Vancouver East / Vancouver-Est,Vancouver East,Vancouver-Est,"21.6554","59"
"59036",2013A000459036,Vancouver Granville,Vancouver Granville,Vancouver Granville,"22.3965","59"
"59037",2013A000459037,North Island--Powell River,North Island--Powell River,North Island--Powell River,"53540.4741","59"
"59038",2013A000459038,Vancouver Kingsway,Vancouver Kingsway,Vancouver Kingsway,"15.2982","59"
"59039",2013A000459039,Vancouver Quadra,Vancouver Quadra,Vancouver Quadra,"40.2933","59"
"59040",2013A000459040,Vancouver South / Vancouver-Sud,Vancouver South,Vancouver-Sud,"20.6919","59"
"59041",2013A000459041,Victoria,Victoria,Victoria,"40.2556","59"
"59042",2013A000459042,West Vancouver--Sunshine Coast--Sea to Sky Country,West Vancouver--Sunshine Coast--Sea to Sky Country,West Vancouver--Sunshine Coast--Sea to Sky Country,"12990.9473","59"
"60001",2013A000460001,Yukon,Yukon,Yukon,"472345.4354","60"
"61001",2013A000461001,Northwest Territories / Territoires du Nord-Ouest,Northwest Territories,Territoires du Nord-Ouest,"1127711.9175","61"
"62001",2013A000462001,Nunavut,Nunavut,Nunavut,"1836993.7767","62"
